{"cameraMode":{"drawMode":0,"name":"Shaded","section":"Shading Mode"},"sceneLighting":true,"audioPlay":false,"sceneViewState":{"m_AlwaysRefresh":false,"showFog":true,"showSkybox":true,"showFlares":true,"showImageEffects":true,"showParticleSystems":true,"showVisualEffectGraphs":true,"m_FxEnabled":true},"in2DMode":false,"pivot":{"x":-0.9104167819023132,"y":0.015816926956176759,"z":-2.5086092948913576},"rotation":{"x":-0.2901585102081299,"y":0.09225992858409882,"z":-0.028114907443523408,"w":-0.9521176218986511},"size":5.612970352172852,"orthographic":false}